"","x"
"TAGATTGATGCACA-1","memory_t"
"TGGAAAGAGAGGCA-1","memory_t"
"ACTTAGCTACCGAT-1","memory_t"
"GTGAGGGAAGAATG-1","memory_t"
"TTCCTAGACCATGA-1","memory_t"
"TTCCCACTCCACCT-1","memory_t"
"CAGCTCACGATGAA-1","memory_t"
"CCAGCGGAACTCTT-1","memory_t"
"TGTTAAGAACGACT-1","memory_t"
"ACCTGAGACAAGCT-1","memory_t"
"TGGATGTGCGTAAC-1","memory_t"
"CAGCACCTATCACG-1","memory_t"
"CTTCATGAAAAGCA-1","memory_t"
"CTTTACGAACGGGA-1","memory_t"
"GGGTTAACGCTTCC-1","memory_t"
"CCCGAACTTCCAAG-1","memory_t"
"AGAAACGAACGTTG-1","memory_t"
"CAGACAACCATTGG-1","memory_t"
"GCACCTACCTAGCA-1","memory_t"
"AATCCGGAATGTGC-1","memory_t"
"TCAAGGACAAGAGT-1","memory_t"
"AGTATCCTCGTGTA-1","memory_t"
"CTTTACGAAGGTTC-1","memory_t"
"ACTAAAACATGTGC-1","memory_t"
"CACATGGATTTACC-1","memory_t"
"GATTTAGATAACCG-1","memory_t"
"ATCGCCACGCTTAG-1","memory_t"
"GCAGGCACTTCTCA-1","memory_t"
"CTAACACTTCGATG-1","memory_t"
"TGGCACCTAACCGT-1","memory_t"
"TCACCGTGAATCGC-1","memory_t"
"CATCTTGAACAGTC-1","memory_t"
"CAAGTCGAACCTAG-1","memory_t"
"TAGTAAACTACAGC-1","memory_t"
"CGCACGGACGAATC-1","memory_t"
"CAATATGAGGTGTT-1","memory_t"
"ACCCAAGATATGCG-1","memory_t"
"AATGGAGACTGTTT-1","memory_t"
"GGAGCGCTAGCTCA-1","memory_t"
"GCTATACTGTTGCA-1","memory_t"
"TGAAGCTGGGTACT-1","memory_t"
"ATTTGCACAGTAGA-1","memory_t"
"TGGAACACCCTCAC-1","memory_t"
"AGGGCCTGCACAAC-1","memory_t"
"TAATGTGAAAGCCT-1","memory_t"
"AGTTCTTGGTTTCT-1","memory_t"
"AACTCGGAATCGTG-1","memory_t"
"TCAGACGATAAAGG-1","memory_t"
"GGACGCACGTATCG-1","memory_t"
"TGGTAGACAAAGCA-1","memory_t"
"GGAACTACGTGCTA-1","memory_t"
"TATCCAACGGTTTG-1","memory_t"
"CAGTTTACGTACCA-1","memory_t"
"CCACTTCTATGCCA-1","memory_t"
"GACCCTACCTCGAA-1","memory_t"
"ACCAGCCTCGAGAG-1","memory_t"
"AGGAATGAACCTTT-1","memory_t"
"GAGCTCCTTTTGGG-1","memory_t"
"GTGAACACACCATG-1","memory_t"
"TCAGTTACCATGGT-1","memory_t"
"CATCTCCTTAGAGA-1","memory_t"
"TACGACGATTCATC-1","memory_t"
"AATCCGGATCGCCT-1","memory_t"
"TTTCAGTGTCAAGC-1","memory_t"
"CAGGTAACTTGCTT-1","memory_t"
"GAGCTCCTACGTGT-1","memory_t"
"TGAGCAACGCGAAG-1","memory_t"
"AGGCAGGATGCGTA-1","memory_t"
"CATCATACCGACTA-1","memory_t"
"GCTCACTGCCTTCG-1","memory_t"
"GTTAGGTGTCCTAT-1","memory_t"
"CTGAGCCTACTCAG-1","memory_t"
"TAGGGACTTCTATC-1","memory_t"
"CTGGATGAGATACC-1","memory_t"
"CTATAGCTTTAGGC-1","memory_t"
"CCGTAAGAAGAATG-1","memory_t"
"CAGTTTACACGGAG-1","memory_t"
"ACGGATTGCAACTG-1","memory_t"
"ATTGGTCTCTGACA-1","memory_t"
"ATGCTTTGCAGAAA-1","memory_t"
"GTTATCTGGGTCAT-1","memory_t"
"TAAACAACCGTACA-1","memory_t"
"ACTCTATGGGTACT-1","memory_t"
"CTCGAGCTACACGT-1","memory_t"
"GAGGTTACGCGAAG-1","memory_t"
"CTATTGTGCAGAAA-1","memory_t"
"CATTTGTGTGGTAC-1","memory_t"
"CCTATTGACTCTTA-1","memory_t"
"AAATGTTGAGCGTT-1","memory_t"
"TGATAAACTAACCG-1","memory_t"
"ACACCAGAACTGTG-1","memory_t"
"CTCAGAGACCACCT-1","memory_t"
"TAGATCCTAGCGGA-1","memory_t"
"GAGGTTTGGGTTTG-1","memory_t"
"CCTACCGACTTGTT-1","memory_t"
"GAAGGTCTGTGCAT-1","memory_t"
"TAAGATTGGAAGGC-1","memory_t"
"AGAGGTCTTTGCAG-1","memory_t"
"TTAGTCACTAACGC-1","memory_t"
"CGGGCATGCAGAAA-1","memory_t"
"TGGAACTGCTCCCA-1","naive_cytotoxic"
"TGACTGGACAGTCA-1","naive_cytotoxic"
"GTGTCAGAGGTACT-1","naive_cytotoxic"
"GGAGCGCTGCTTAG-1","naive_cytotoxic"
"GCGATATGGTACGT-1","naive_cytotoxic"
"ACAATAACTGCAAC-1","naive_cytotoxic"
"CCTCTACTGAGGTG-1","naive_cytotoxic"
"CTTGAACTTGACAC-1","naive_cytotoxic"
"TGTAAAACATCTCT-1","naive_cytotoxic"
"GGTGGAGACTGATG-1","naive_cytotoxic"
"GTAGTCGATGCCCT-1","naive_cytotoxic"
"CGTACCACCACAAC-1","naive_cytotoxic"
"ACGTCAGAGTGAGG-1","naive_cytotoxic"
"TACATCACTGCTTT-1","naive_cytotoxic"
"CGAGAACTTGAGAA-1","naive_cytotoxic"
"CGAAGTACTTACCT-1","naive_cytotoxic"
"AACGCAACGTCTAG-1","naive_cytotoxic"
"AGAACGCTGATAAG-1","naive_cytotoxic"
"CCTCATCTCGACTA-1","naive_cytotoxic"
"TAACAATGGGATCT-1","naive_cytotoxic"
"AAACTTGACACTTT-1","naive_cytotoxic"
"GATCTACTGTCTGA-1","naive_cytotoxic"
"TGAGACACGTTTGG-1","naive_cytotoxic"
"GGTAAAGAGAAAGT-1","naive_cytotoxic"
"ATCTTGACACTAGC-1","naive_cytotoxic"
"TCAGAGACAGCTCA-1","naive_cytotoxic"
"CACTAGGACAGTTG-1","naive_cytotoxic"
"GAGCGAGACACACA-1","naive_cytotoxic"
"CGAATCGATCGTGA-1","naive_cytotoxic"
"AAGTGGCTTTCCCG-1","naive_cytotoxic"
"GTATTCACAGCACT-1","naive_cytotoxic"
"GAAGCTTGTTGCTT-1","naive_cytotoxic"
"GTGTAGTGAGCAAA-1","naive_cytotoxic"
"AAGTGCACTCACGA-1","naive_cytotoxic"
"GGTTTACTCTAGAC-1","naive_cytotoxic"
"ATTGGTCTTGAGGG-1","naive_cytotoxic"
"ATTACCTGGATGAA-1","naive_cytotoxic"
"TATCAAGACCAACA-1","naive_cytotoxic"
"ACCAACGATCTCAT-1","naive_cytotoxic"
"AAGCCATGGTTGTG-1","naive_cytotoxic"
"CAGCATGAGTCACA-1","naive_cytotoxic"
"GAACAGCTGACAGG-1","naive_cytotoxic"
"GATTCGGACTGTTT-1","naive_cytotoxic"
"ATGCAGTGGACGTT-1","naive_cytotoxic"
"AGTACTCTCCAGTA-1","naive_cytotoxic"
"CATTTGTGTCACGA-1","naive_cytotoxic"
"CGTACCTGGCTGAT-1","naive_cytotoxic"
"TATCTGACAACAGA-1","naive_cytotoxic"
"ACGTCCTGTGGTAC-1","naive_cytotoxic"
"GGACGCTGCTTGAG-1","naive_cytotoxic"
"CTATCATGTTTCAC-1","naive_cytotoxic"
"TGACCAGACCGCTT-1","naive_cytotoxic"
"GAAGTCACGAGAGC-1","naive_cytotoxic"
"ACTACTACGCTACA-1","naive_cytotoxic"
"CGAGGCACACTTTC-1","naive_cytotoxic"
"AGGCAACTCAGAGG-1","naive_cytotoxic"
"CGACCACTCGGAGA-1","naive_cytotoxic"
"ATAAGTACTGTTCT-1","naive_cytotoxic"
"TTACGACTTGCTCC-1","naive_cytotoxic"
"CGCACGGAACCTCC-1","naive_cytotoxic"
"TAAGCTCTAAGATG-1","naive_cytotoxic"
"AGAGATGACACAAC-1","naive_cytotoxic"
"TCCATAACGGACAG-1","naive_cytotoxic"
"AGTACTCTTTACTC-1","naive_cytotoxic"
"AGCGATACTTCTTG-1","naive_cytotoxic"
"AGATCTCTCCAAGT-1","naive_cytotoxic"
"GACGAACTCACACA-1","naive_cytotoxic"
"GTAGGTACCTACGA-1","naive_cytotoxic"
"TCCTACCTATTGGC-1","naive_cytotoxic"
"GGGTTATGAACGTC-1","naive_cytotoxic"
"CGTGAAACTCGATG-1","naive_cytotoxic"
"TAGTACCTAGCCAT-1","naive_cytotoxic"
"AACAAACTGATGAA-1","naive_cytotoxic"
"TTGGTACTAAAACG-1","naive_cytotoxic"
"GCCAAAACCTGTAG-1","naive_cytotoxic"
"CCTGGACTAGCTAC-1","naive_cytotoxic"
"AACGCCCTACGGTT-1","naive_cytotoxic"
"GTGTACGAAAACGA-1","naive_cytotoxic"
"AGTATAACGGTGGA-1","naive_cytotoxic"
"TTTAGCTGCCATGA-1","naive_cytotoxic"
"TGACTGGACTATGG-1","naive_cytotoxic"
"GGTAGTACAGCACT-1","naive_cytotoxic"
"GTATCTACCTTTAC-1","naive_cytotoxic"
"CGTACAGAGTACAC-1","naive_cytotoxic"
"TCATGTACAGATCC-1","naive_cytotoxic"
"AGATCTCTTGGAGG-1","naive_cytotoxic"
"GCACAAACTTTGTC-1","naive_cytotoxic"
"ATTCTTCTACACAC-1","naive_cytotoxic"
"CGCCGAGATGCCAA-1","naive_cytotoxic"
"AAGCGTACTTACCT-1","naive_cytotoxic"
"AGCGAACTTTCACT-1","naive_cytotoxic"
"AATCCGGAGGAGTG-1","naive_cytotoxic"
"TGGGTATGTTGACG-1","naive_cytotoxic"
"CAGACAACGCTCCT-1","naive_cytotoxic"
"CTGAGCCTCCAGTA-1","naive_cytotoxic"
"GCACGTCTCGTGTA-1","naive_cytotoxic"
"ATAGCTCTACGTGT-1","naive_cytotoxic"
"CTGACAGAGAAGGC-1","naive_cytotoxic"
"TAGAGAGATTGCTT-1","naive_cytotoxic"
"CAGATGACTTATCC-1","naive_cytotoxic"
"TCAGTTACTTAGGC-1","naive_t"
"AACTGTCTGTCATG-1","naive_t"
"TTCAGACTGTGTTG-1","naive_t"
"GTCTGAGACGGGAA-1","naive_t"
"ATGTCGGAAAGCCT-1","naive_t"
"GGACAACTTGGTTG-1","naive_t"
"CAGCTCACTGGAGG-1","naive_t"
"TGTAGTCTCATGCA-1","naive_t"
"CAGACCCTGGTCTA-1","naive_t"
"AACGTTCTTTTGCT-1","naive_t"
"CAGTCAGAACGTGT-1","naive_t"
"CCACCTGAAGAGGC-1","naive_t"
"CAGTTGGATTGACG-1","naive_t"
"TTACTCGAAGCACT-1","naive_t"
"CCAAGAACTCCAGA-1","naive_t"
"GAAACAGATTTGTC-1","naive_t"
"TGCGTAGACTATGG-1","naive_t"
"TGCACAGAGTGTTG-1","naive_t"
"ATATGCCTCTTTAC-1","naive_t"
"GGTATCGATCCCAC-1","naive_t"
"CAGCTCTGGGTGGA-1","naive_t"
"GAAGAATGGTCGAT-1","naive_t"
"GTCCAGCTACGGAG-1","naive_t"
"TAGGCAACCCCTTG-1","naive_t"
"TCCCATCTGTTAGC-1","naive_t"
"AAGAACGACTCAGA-1","naive_t"
"AGTTCTACCATGCA-1","naive_t"
"CATCGCTGCCATAG-1","naive_t"
"CAAGACACAAAGCA-1","naive_t"
"GTACGAACGTGTAC-1","naive_t"
"GGCGACACTGCCAA-1","naive_t"
"TGAGTCGACTACCC-1","naive_t"
"TATGAATGTGTCAG-1","naive_t"
"TAAGAACTAACTGC-1","naive_t"
"CCAGTGCTTTATCC-1","naive_t"
"GACGATTGTATGGC-1","naive_t"
"ACAATCCTGGTCTA-1","naive_t"
"TCCCTACTTCTCAT-1","naive_t"
"TGTGATCTTCCGTC-1","naive_t"
"CTATGTTGCAGAAA-1","naive_t"
"TGCCCAACTGCACA-1","naive_t"
"ACTCGAGAAATCGC-1","naive_t"
"ATAGGAGAGGTTAC-1","naive_t"
"CTAACTACCCTATT-1","naive_t"
"CGTAACGATTCACT-1","naive_t"
"CGAAGGGAACGTGT-1","naive_t"
"AAGATTACCACACA-1","naive_t"
"GCATTGGACCAACA-1","naive_t"
"GGGTTAACCTGTAG-1","naive_t"
"CAGGCCGATGTCAG-1","naive_t"
"TGGTATCTTTGCGA-1","naive_t"
"GTCATACTGGTAAA-1","naive_t"
"AAGTCTCTAAAAGC-1","naive_t"
"TTCCATGACACAAC-1","naive_t"
"AGTGTGACAGTCTG-1","naive_t"
"AAGAACGATAGAAG-1","naive_t"
"ATCTGGGAAAAAGC-1","naive_t"
"GGTATGACTATTCC-1","naive_t"
"ATCATCTGGAATCC-1","naive_t"
"ATACTCTGCAGTTG-1","naive_t"
"AACATTGAGGCGAA-1","naive_t"
"ATGAAGGATATCTC-1","naive_t"
"GGAGTTACTAGAAG-1","naive_t"
"AACTGTCTGTTGCA-1","naive_t"
"AATCGGTGTGGATC-1","naive_t"
"CCAGCTACCATTCT-1","naive_t"
"CTAACGGACTGTTT-1","naive_t"
"GCAATCGACCGTAA-1","naive_t"
"GGTGATACTTTGTC-1","naive_t"
"ACAATCCTTACTTC-1","naive_t"
"CCGGAGTGCGTTGA-1","naive_t"
"TTATGGCTTTAGGC-1","naive_t"
"TAGAATACCCGAAT-1","naive_t"
"AGTTTGCTCTGTGA-1","naive_t"
"CTAACACTGTCACA-1","naive_t"
"AAATCATGTTACCT-1","naive_t"
"ATCGTTTGGACGGA-1","naive_t"
"CGCAACCTACGGGA-1","naive_t"
"GTATTAGATAGCGT-1","naive_t"
"CACTAGGACTACCC-1","naive_t"
"TGGCAATGTTCCGC-1","naive_t"
"TGTTACACATGACC-1","naive_t"
"TCTCAAACGAGGTG-1","naive_t"
"CTAAGGACCTGTAG-1","naive_t"
"TAAGATACTACGCA-1","naive_t"
"TACGCCACTCAGAC-1","naive_t"
"GGAACTACTAACCG-1","naive_t"
"GACGCTCTTCCCGT-1","naive_t"
"CACGGGACGTACAC-1","naive_t"
"AAACCGTGGCATAC-1","naive_t"
"AATGCGTGATGCTG-1","naive_t"
"ACAGTGTGCCGTTC-1","naive_t"
"AAATGGGAAGTCTG-1","naive_t"
"CACTGCTGACTGGT-1","naive_t"
"ACGGATTGATTCGG-1","naive_t"
"GAGCAGGACGAATC-1","naive_t"
"AAGAATCTCTTCGC-1","naive_t"
"AAATACTGGCGAGA-1","naive_t"
"AGAGTGCTTACTCT-1","naive_t"
"TAGTCACTGATAAG-1","regulatory_t"
"GTTAGTCTGGTTAC-1","regulatory_t"
"ATGTAAACCCACCT-1","regulatory_t"
"AGGATGCTGACACT-1","regulatory_t"
"ATAATCGATCGCTC-1","regulatory_t"
"AATCTCACACACAC-1","regulatory_t"
"AATCCTTGAGAGAT-1","regulatory_t"
"AGAATACTGAAGGC-1","regulatory_t"
"ACAAGCACAAGAGT-1","regulatory_t"
"AAGCCATGACCCAA-1","regulatory_t"
"CTGATGGAGATGAA-1","regulatory_t"
"TAAGTAACACTAGC-1","regulatory_t"
"GGCACGTGGAGGAC-1","regulatory_t"
"AATGTCCTGACGTT-1","regulatory_t"
"AACAATACGCAAGG-1","regulatory_t"
"CGAGATTGGCAGAG-1","regulatory_t"
"AGAGGTCTTATCTC-1","regulatory_t"
"GGTATCGACCAGTA-1","regulatory_t"
"GGCTACCTCTGTTT-1","regulatory_t"
"TCGACGCTTTGAGC-1","regulatory_t"
"CACGGGACTGGTTG-1","regulatory_t"
"TTCAAGCTTCCAGA-1","regulatory_t"
"TTGAACCTTTCGGA-1","regulatory_t"
"AAGAGATGACCCAA-1","regulatory_t"
"TCGTAGGACATACG-1","regulatory_t"
"TAGCTACTGGAGCA-1","regulatory_t"
"GGTGGAGACTGACA-1","regulatory_t"
"ATTGCGGAAAACGA-1","regulatory_t"
"CTATAGCTTTTGCT-1","regulatory_t"
"CCTGAGCTCCGTTC-1","regulatory_t"
"GATCCGCTGGAAGC-1","regulatory_t"
"TGCATGGAACCAAC-1","regulatory_t"
"ATAGTTGAGACACT-1","regulatory_t"
"ATGGACACTTTACC-1","regulatory_t"
"GTAGCCCTAGATCC-1","regulatory_t"
"GTCTAACTCTCATT-1","regulatory_t"
"TGCGCACTCACAAC-1","regulatory_t"
"CGCTCATGGTAGCT-1","regulatory_t"
"TCACAACTTGCAAC-1","regulatory_t"
"CAATATGACGCAAT-1","regulatory_t"
"AGTCAGACCTTCTA-1","regulatory_t"
"TGATTAGACCTTCG-1","regulatory_t"
"AAGTGGCTGACACT-1","regulatory_t"
"CCCTAGTGAGAGAT-1","regulatory_t"
"CGCCATACACGGGA-1","regulatory_t"
"CCGACACTCCTTAT-1","regulatory_t"
"GCTCCATGTCTTCA-1","regulatory_t"
"GTGATCGACTTATC-1","regulatory_t"
"TGACGATGGACAAA-1","regulatory_t"
"TAGATCCTTCAGAC-1","regulatory_t"
"ACCCAGCTGAACCT-1","regulatory_t"
"AGCGGCTGAGCGGA-1","regulatory_t"
"GCATGTGAGCGTAT-1","regulatory_t"
"TCATTGACCTCATT-1","regulatory_t"
"GAGGCAGACCATAG-1","regulatory_t"
"ATGAAACTACCTCC-1","regulatory_t"
"TCCTAAACAAGTGA-1","regulatory_t"
"AGGACTTGGCGGAA-1","regulatory_t"
"CTAAGGACCGCAAT-1","regulatory_t"
"AAAGGCCTTTGCTT-1","regulatory_t"
"CATACTTGGATGAA-1","regulatory_t"
"CGACTCTGAAAGCA-1","regulatory_t"
"ACGTTGGAGGAAAT-1","regulatory_t"
"GATTTGCTTGGATC-1","regulatory_t"
"CAACGAACGTAAGA-1","regulatory_t"
"ATAGTCCTCCTGAA-1","regulatory_t"
"CATAACCTCTCCAC-1","regulatory_t"
"TCGCACTGAAAAGC-1","regulatory_t"
"TTGAGGACAACTGC-1","regulatory_t"
"GTACGAACGCATAC-1","regulatory_t"
"TTGCATTGACACAC-1","regulatory_t"
"CTTATCGATGAGAA-1","regulatory_t"
"CCTTTAGACCACAA-1","regulatory_t"
"TTACGTACTCACCC-1","regulatory_t"
"AGAAGATGGCTTAG-1","regulatory_t"
"AATGTCCTCTCAAG-1","regulatory_t"
"AACCAGTGGGTTCA-1","regulatory_t"
"GATCCGCTCACCAA-1","regulatory_t"
"GGATGTTGGGGATG-1","regulatory_t"
"TACAATGATCGCCT-1","regulatory_t"
"ACTGGCCTCACCAA-1","regulatory_t"
"AGAGTCTGTGTGAC-1","regulatory_t"
"TTCTAGTGCGTGTA-1","regulatory_t"
"CCAGTGCTCTAGCA-1","regulatory_t"
"AGGACTTGCCGCTT-1","regulatory_t"
"CGTACCTGACTACG-1","regulatory_t"
"CTTGATTGCTTCCG-1","regulatory_t"
"CACGGGTGGTCCTC-1","regulatory_t"
"TTGTAGCTAGAGTA-1","regulatory_t"
"CTGCCAACGAGACG-1","regulatory_t"
"ACTCGAGACTATTC-1","regulatory_t"
"CGAATCGATGAGGG-1","regulatory_t"
"GATGCCCTTCTTAC-1","regulatory_t"
"AGTAATACTGCTCC-1","regulatory_t"
"ACTCGCACAAGCCT-1","regulatory_t"
"GTTCAACTTCGCCT-1","regulatory_t"
"GCACGTCTGAAAGT-1","regulatory_t"
"ATTAGTGACTGGTA-1","regulatory_t"
"AGGCAGGAGAAAGT-1","regulatory_t"
"ATGAGAGATCTCAT-1","regulatory_t"
